{"cameraMode":{"drawMode":0,"name":"Shaded","section":"Shading Mode"},"sceneLighting":false,"audioPlay":false,"sceneViewState":{"showFog":false,"showMaterialUpdate":false,"showSkybox":false,"showFlares":false,"showImageEffects":false,"showParticleSystems":false},"in2DMode":false,"pivot":{"x":2.0775344371795656,"y":-0.1584162712097168,"z":0.17971229553222657},"rotation":{"x":0.09332635253667832,"y":0.9048758745193481,"z":-0.32212552428245547,"w":0.2621614634990692},"size":6.581232070922852,"orthographic":false}