{"cameraMode":{"drawMode":0,"name":"Shaded","section":"Shading Mode"},"sceneLighting":false,"audioPlay":false,"sceneViewState":{"showFog":false,"showMaterialUpdate":false,"showSkybox":false,"showFlares":false,"showImageEffects":false,"showParticleSystems":false},"in2DMode":false,"pivot":{"x":1.6392669677734376,"y":-21.46453094482422,"z":23.501876831054689},"rotation":{"x":0.10153672844171524,"y":0.8942820429801941,"z":-0.35046491026878359,"w":0.2590920329093933},"size":198.71800231933595,"orthographic":false}